"","name","a","b","c","d"
"1","prj_rain_obs","1045.6242732458","0.0541412130740574","14.3880137439912","0.759765613721545"
